[{"model": "auth.user", "pk": 1, "fields": {"password": "pbkdf2_sha256$120000$skxQDFaoOjeC$oVp4p+mkVJV3MFXEP77f+PwEELSUzm0qmZ8FGAZnoTY=", "last_login": "2018-11-21T09:36:14.463Z", "is_superuser": true, "username": "adminvh", "first_name": "", "last_name": "", "email": "adminvh@groupe-hugo.fr", "is_staff": true, "is_active": true, "date_joined": "2018-11-20T13:29:55.648Z", "groups": [], "user_permissions": []}}, {"model": "auth.user", "pk": 2, "fields": {"password": "pbkdf2_sha256$120000$q8BWE7FTcLjH$sI4ZbU2+sRirudXqfrSLjJOVTo5HjWILdMsuyeeFsCg=", "last_login": "2018-11-22T13:49:56.040Z", "is_superuser": true, "username": "gestadmin", "first_name": "", "last_name": "", "email": "loggeos@gmail.com", "is_staff": true, "is_active": true, "date_joined": "2018-11-22T13:49:39.300Z", "groups": [], "user_permissions": []}}, {"model": "auth.user", "pk": 3, "fields": {"password": "pbkdf2_sha256$120000$1WaNkk9CXi8P$gCjPOq4/0UVdkmt/rDTwZyFCk2p5+gXXftITOKy33nw=", "last_login": "2018-12-11T14:39:01.545Z", "is_superuser": true, "username": "admin", "first_name": "", "last_name": "", "email": "toto@gmail.com", "is_staff": true, "is_active": true, "date_joined": "2018-12-11T14:37:09.468Z", "groups": [], "user_permissions": []}}, {"model": "sessions.session", "pk": "03m23pg4zbbtszl0ppcudjhav64kmqn7", "fields": {"session_data": "NWY1NTU2MGUxNmI2NGU5NmE0OTNlYjYzMDk3NDRlNDNiNWZiMDJiYzp7Il9hdXRoX3VzZXJfaWQiOiIyIiwiX2F1dGhfdXNlcl9iYWNrZW5kIjoiZGphbmdvLmNvbnRyaWIuYXV0aC5iYWNrZW5kcy5Nb2RlbEJhY2tlbmQiLCJfYXV0aF91c2VyX2hhc2giOiI3MTdmNjIwZWZlZjllNTgxOTdjNTE4OWY2OWQ4NDZjZTVhNzI2ODMyIn0=", "expire_date": "2018-12-06T13:49:56.043Z"}}, {"model": "sessions.session", "pk": "1xu3gxgicvj7shfm345scqvkpnfd0hts", "fields": {"session_data": "OGRmYjNmODQ3ZGQ0ZDg2MWE2ZTNiMTBkYWVhN2FjMzRiNWM1NjQ1Nzp7Il9hdXRoX3VzZXJfaWQiOiIzIiwiX2F1dGhfdXNlcl9iYWNrZW5kIjoiZGphbmdvLmNvbnRyaWIuYXV0aC5iYWNrZW5kcy5Nb2RlbEJhY2tlbmQiLCJfYXV0aF91c2VyX2hhc2giOiI2ZDhkNjQxYTM3MTA0MWFmNGNhNWEwMGMwNjQ0ZWZhZGYwYjI0ODQ5In0=", "expire_date": "2018-12-25T14:39:01.547Z"}}, {"model": "cours.sexe", "pk": 1, "fields": {"libelle_sexe": "H"}}, {"model": "cours.sexe", "pk": 2, "fields": {"libelle_sexe": "F"}}, {"model": "cours.matiere", "pk": 1, "fields": {"libelle_matiere": "Biologie"}}, {"model": "cours.matiere", "pk": 2, "fields": {"libelle_matiere": "Mathematique"}}, {"model": "cours.matiere", "pk": 3, "fields": {"libelle_matiere": "Dessin"}}, {"model": "cours.matiere", "pk": 4, "fields": {"libelle_matiere": "Sport"}}, {"model": "cours.matiere", "pk": 5, "fields": {"libelle_matiere": "Geologie"}}, {"model": "cours.matiere", "pk": 6, "fields": {"libelle_matiere": "Chimie"}}, {"model": "cours.matiere", "pk": 7, "fields": {"libelle_matiere": "Fran\u00e7ais"}}, {"model": "cours.matiere", "pk": 8, "fields": {"libelle_matiere": "Anglais"}}, {"model": "cours.matiere", "pk": 9, "fields": {"libelle_matiere": "Allemand"}}, {"model": "cours.matiere", "pk": 10, "fields": {"libelle_matiere": "Espagnol"}}, {"model": "cours.matiere", "pk": 11, "fields": {"libelle_matiere": "Physique"}}, {"model": "cours.matiere", "pk": 12, "fields": {"libelle_matiere": "Philosophie"}}, {"model": "cours.matiere", "pk": 13, "fields": {"libelle_matiere": "Arts plastiques"}}, {"model": "cours.matiere", "pk": 14, "fields": {"libelle_matiere": "Education musicale"}}, {"model": "cours.matiere", "pk": 15, "fields": {"libelle_matiere": "Technologie"}}, {"model": "cours.matiere", "pk": 16, "fields": {"libelle_matiere": "S.V.T."}}, {"model": "cours.classe", "pk": 3, "fields": {"libelle_classe": "2nde1"}}, {"model": "cours.classe", "pk": 4, "fields": {"libelle_classe": "1ere1"}}, {"model": "cours.classe", "pk": 5, "fields": {"libelle_classe": "T1"}}, {"model": "cours.classe", "pk": 6, "fields": {"libelle_classe": "2nde2"}}, {"model": "cours.classe", "pk": 7, "fields": {"libelle_classe": "2nde3"}}, {"model": "cours.classe", "pk": 8, "fields": {"libelle_classe": "2nde4"}}, {"model": "cours.classe", "pk": 9, "fields": {"libelle_classe": "2nde5"}}, {"model": "cours.classe", "pk": 10, "fields": {"libelle_classe": "2nde6"}}, {"model": "cours.classe", "pk": 11, "fields": {"libelle_classe": "2nde7"}}, {"model": "cours.classe", "pk": 12, "fields": {"libelle_classe": "1ere2"}}, {"model": "cours.classe", "pk": 13, "fields": {"libelle_classe": "1ere3"}}, {"model": "cours.classe", "pk": 14, "fields": {"libelle_classe": "1ere4"}}, {"model": "cours.classe", "pk": 15, "fields": {"libelle_classe": "1ere5"}}, {"model": "cours.classe", "pk": 16, "fields": {"libelle_classe": "T2"}}, {"model": "cours.classe", "pk": 17, "fields": {"libelle_classe": "T3"}}, {"model": "cours.classe", "pk": 18, "fields": {"libelle_classe": "T4"}}, {"model": "cours.classe", "pk": 19, "fields": {"libelle_classe": "T5"}}, {"model": "cours.classe", "pk": 20, "fields": {"libelle_classe": "T6"}}, {"model": "cours.salle", "pk": 1, "fields": {"libelle_salle": "A10", "capacite": 15}}, {"model": "cours.salle", "pk": 2, "fields": {"libelle_salle": "A11", "capacite": 16}}, {"model": "cours.salle", "pk": 3, "fields": {"libelle_salle": "A12", "capacite": 20}}, {"model": "cours.type_evaluation", "pk": 1, "fields": {"libelle_type_evaluation": "Diagnostique"}}, {"model": "cours.type_evaluation", "pk": 2, "fields": {"libelle_type_evaluation": "Interm\u00e9diaire"}}, {"model": "cours.type_evaluation", "pk": 3, "fields": {"libelle_type_evaluation": "Fin de s\u00e9quence"}}, {"model": "cours.type_evaluation", "pk": 4, "fields": {"libelle_type_evaluation": "Certificative"}}, {"model": "cours.eleve", "pk": 1, "fields": {"nom": "LEMOULIN", "prenom": "Claude", "date_naissance": "2001-11-22", "sexe": 1, "classe": 3}}, {"model": "cours.eleve", "pk": 2, "fields": {"nom": "BOUCHER", "prenom": "Alex", "date_naissance": "2006-03-22", "sexe": 1, "classe": 7}}, {"model": "cours.eleve", "pk": 3, "fields": {"nom": "FREUDE", "prenom": "Claude", "date_naissance": "2001-05-09", "sexe": 1, "classe": 4}}, {"model": "cours.eleve", "pk": 9, "fields": {"nom": "TERMITE", "prenom": "Jacques", "date_naissance": "2001-11-22", "sexe": 1, "classe": 16}}, {"model": "cours.eleve", "pk": 11, "fields": {"nom": "BOULANGER", "prenom": "Serge", "date_naissance": "2000-02-02", "sexe": 1, "classe": 5}}, {"model": "cours.enseignant", "pk": 1, "fields": {"nom": "DUPONT", "prenom": "Pierre", "sexe": 1, "telephone": "0654321238"}}, {"model": "cours.enseignant", "pk": 2, "fields": {"nom": "DUPRES", "prenom": "Charles", "sexe": 1, "telephone": "09876543212"}}, {"model": "cours.enseignant", "pk": 3, "fields": {"nom": "LAGRANDE", "prenom": "Charlette", "sexe": 2, "telephone": "078967564534"}}, {"model": "cours.enseignant", "pk": 4, "fields": {"nom": "MARCHANDE", "prenom": "Fran\u00e7oise", "sexe": 2, "telephone": "065645345678"}}, {"model": "cours.enseigner", "pk": 1, "fields": {"matiere": 1, "enseignant": 2}}, {"model": "cours.enseigner", "pk": 2, "fields": {"matiere": 5, "enseignant": 3}}, {"model": "cours.enseigner", "pk": 3, "fields": {"matiere": 6, "enseignant": 4}}, {"model": "admin.logentry", "pk": 1, "fields": {"action_time": "2018-11-21T09:38:40.617Z", "user": 1, "content_type": 14, "object_id": "1", "object_repr": "H", "action_flag": 1, "change_message": "[{\"added\": {}}]"}}, {"model": "admin.logentry", "pk": 2, "fields": {"action_time": "2018-11-21T09:38:44.950Z", "user": 1, "content_type": 14, "object_id": "2", "object_repr": "F", "action_flag": 1, "change_message": "[{\"added\": {}}]"}}, {"model": "admin.logentry", "pk": 3, "fields": {"action_time": "2018-11-21T09:39:14.346Z", "user": 1, "content_type": 13, "object_id": "1", "object_repr": "A10", "action_flag": 1, "change_message": "[{\"added\": {}}]"}}, {"model": "admin.logentry", "pk": 4, "fields": {"action_time": "2018-11-21T09:39:25.410Z", "user": 1, "content_type": 13, "object_id": "2", "object_repr": "A11", "action_flag": 1, "change_message": "[{\"added\": {}}]"}}, {"model": "admin.logentry", "pk": 5, "fields": {"action_time": "2018-11-21T09:39:34.288Z", "user": 1, "content_type": 13, "object_id": "3", "object_repr": "A12", "action_flag": 1, "change_message": "[{\"added\": {}}]"}}, {"model": "admin.logentry", "pk": 6, "fields": {"action_time": "2018-11-21T09:39:52.519Z", "user": 1, "content_type": 8, "object_id": "1", "object_repr": "Biologie", "action_flag": 1, "change_message": "[{\"added\": {}}]"}}, {"model": "admin.logentry", "pk": 7, "fields": {"action_time": "2018-11-21T09:40:01.339Z", "user": 1, "content_type": 8, "object_id": "2", "object_repr": "Mathematique", "action_flag": 1, "change_message": "[{\"added\": {}}]"}}, {"model": "admin.logentry", "pk": 8, "fields": {"action_time": "2018-11-21T09:40:07.236Z", "user": 1, "content_type": 8, "object_id": "3", "object_repr": "Dessin", "action_flag": 1, "change_message": "[{\"added\": {}}]"}}, {"model": "admin.logentry", "pk": 9, "fields": {"action_time": "2018-11-21T09:40:11.139Z", "user": 1, "content_type": 8, "object_id": "4", "object_repr": "Sport", "action_flag": 1, "change_message": "[{\"added\": {}}]"}}, {"model": "admin.logentry", "pk": 10, "fields": {"action_time": "2018-11-21T09:40:19.789Z", "user": 1, "content_type": 8, "object_id": "5", "object_repr": "Geologie", "action_flag": 1, "change_message": "[{\"added\": {}}]"}}, {"model": "admin.logentry", "pk": 11, "fields": {"action_time": "2018-11-21T09:40:27.838Z", "user": 1, "content_type": 8, "object_id": "6", "object_repr": "Chimie", "action_flag": 1, "change_message": "[{\"added\": {}}]"}}, {"model": "admin.logentry", "pk": 12, "fields": {"action_time": "2018-11-21T09:40:34.398Z", "user": 1, "content_type": 8, "object_id": "7", "object_repr": "Fran\u00e7ais", "action_flag": 1, "change_message": "[{\"added\": {}}]"}}, {"model": "admin.logentry", "pk": 13, "fields": {"action_time": "2018-11-21T09:40:38.701Z", "user": 1, "content_type": 8, "object_id": "8", "object_repr": "Anglais", "action_flag": 1, "change_message": "[{\"added\": {}}]"}}, {"model": "admin.logentry", "pk": 14, "fields": {"action_time": "2018-11-21T09:40:47.464Z", "user": 1, "content_type": 8, "object_id": "9", "object_repr": "Allemand", "action_flag": 1, "change_message": "[{\"added\": {}}]"}}, {"model": "admin.logentry", "pk": 15, "fields": {"action_time": "2018-11-21T09:40:54.372Z", "user": 1, "content_type": 8, "object_id": "10", "object_repr": "Espagnol", "action_flag": 1, "change_message": "[{\"added\": {}}]"}}, {"model": "admin.logentry", "pk": 16, "fields": {"action_time": "2018-11-21T09:41:05.082Z", "user": 1, "content_type": 8, "object_id": "11", "object_repr": "Physique", "action_flag": 1, "change_message": "[{\"added\": {}}]"}}, {"model": "admin.logentry", "pk": 17, "fields": {"action_time": "2018-11-21T09:41:27.023Z", "user": 1, "content_type": 8, "object_id": "12", "object_repr": "Philosophie", "action_flag": 1, "change_message": "[{\"added\": {}}]"}}, {"model": "admin.logentry", "pk": 18, "fields": {"action_time": "2018-11-21T09:42:06.010Z", "user": 1, "content_type": 17, "object_id": "1", "object_repr": "DUPONT Pierre", "action_flag": 1, "change_message": "[{\"added\": {}}]"}}, {"model": "admin.logentry", "pk": 19, "fields": {"action_time": "2018-11-21T09:42:46.711Z", "user": 1, "content_type": 17, "object_id": "2", "object_repr": "DUPRES Charles", "action_flag": 1, "change_message": "[{\"added\": {}}]"}}, {"model": "admin.logentry", "pk": 20, "fields": {"action_time": "2018-11-21T09:43:09.523Z", "user": 1, "content_type": 17, "object_id": "3", "object_repr": "LAGRANDE Charlette", "action_flag": 1, "change_message": "[{\"added\": {}}]"}}, {"model": "admin.logentry", "pk": 21, "fields": {"action_time": "2018-11-21T09:43:36.604Z", "user": 1, "content_type": 17, "object_id": "4", "object_repr": "MARCHANDE Fran\u00e7oise", "action_flag": 1, "change_message": "[{\"added\": {}}]"}}, {"model": "admin.logentry", "pk": 22, "fields": {"action_time": "2018-11-21T09:43:52.518Z", "user": 1, "content_type": 9, "object_id": "1", "object_repr": "enseigner object (1)", "action_flag": 1, "change_message": "[{\"added\": {}}]"}}, {"model": "admin.logentry", "pk": 23, "fields": {"action_time": "2018-11-21T09:43:59.668Z", "user": 1, "content_type": 9, "object_id": "2", "object_repr": "enseigner object (2)", "action_flag": 1, "change_message": "[{\"added\": {}}]"}}, {"model": "admin.logentry", "pk": 24, "fields": {"action_time": "2018-11-21T09:44:05.213Z", "user": 1, "content_type": 9, "object_id": "3", "object_repr": "enseigner object (3)", "action_flag": 1, "change_message": "[{\"added\": {}}]"}}, {"model": "admin.logentry", "pk": 25, "fields": {"action_time": "2018-11-21T10:04:51.801Z", "user": 1, "content_type": 11, "object_id": "1", "object_repr": "Diagnostique", "action_flag": 1, "change_message": "[{\"added\": {}}]"}}, {"model": "admin.logentry", "pk": 26, "fields": {"action_time": "2018-11-21T10:06:09.630Z", "user": 1, "content_type": 11, "object_id": "2", "object_repr": "Formative", "action_flag": 1, "change_message": "[{\"added\": {}}]"}}, {"model": "admin.logentry", "pk": 27, "fields": {"action_time": "2018-11-21T10:06:40.055Z", "user": 1, "content_type": 11, "object_id": "2", "object_repr": "Interm\u00e9diaire", "action_flag": 2, "change_message": "[{\"changed\": {\"fields\": [\"libelle_type_evaluation\"]}}]"}}, {"model": "admin.logentry", "pk": 28, "fields": {"action_time": "2018-11-21T10:06:56.919Z", "user": 1, "content_type": 11, "object_id": "3", "object_repr": "Fin de s\u00e9quence", "action_flag": 1, "change_message": "[{\"added\": {}}]"}}, {"model": "admin.logentry", "pk": 29, "fields": {"action_time": "2018-11-21T10:09:05.401Z", "user": 1, "content_type": 11, "object_id": "4", "object_repr": "Certificative", "action_flag": 1, "change_message": "[{\"added\": {}}]"}}, {"model": "admin.logentry", "pk": 30, "fields": {"action_time": "2018-11-21T10:10:51.110Z", "user": 1, "content_type": 8, "object_id": "13", "object_repr": "Arts plastiques", "action_flag": 1, "change_message": "[{\"added\": {}}]"}}, {"model": "admin.logentry", "pk": 31, "fields": {"action_time": "2018-11-21T10:11:11.413Z", "user": 1, "content_type": 8, "object_id": "14", "object_repr": "Education musicale", "action_flag": 1, "change_message": "[{\"added\": {}}]"}}, {"model": "admin.logentry", "pk": 32, "fields": {"action_time": "2018-11-21T10:11:18.035Z", "user": 1, "content_type": 8, "object_id": "15", "object_repr": "Technologie", "action_flag": 1, "change_message": "[{\"added\": {}}]"}}, {"model": "admin.logentry", "pk": 33, "fields": {"action_time": "2018-11-21T10:11:48.019Z", "user": 1, "content_type": 8, "object_id": "16", "object_repr": "S.V.T.", "action_flag": 1, "change_message": "[{\"added\": {}}]"}}, {"model": "admin.logentry", "pk": 34, "fields": {"action_time": "2018-11-22T15:13:50.201Z", "user": 2, "content_type": 7, "object_id": "1", "object_repr": "LEMOULIN Claude", "action_flag": 1, "change_message": "[{\"added\": {}}]"}}, {"model": "admin.logentry", "pk": 35, "fields": {"action_time": "2018-11-22T15:14:26.768Z", "user": 2, "content_type": 7, "object_id": "2", "object_repr": "BOUCHER Alex", "action_flag": 1, "change_message": "[{\"added\": {}}]"}}, {"model": "admin.logentry", "pk": 36, "fields": {"action_time": "2018-11-26T15:17:08.483Z", "user": 2, "content_type": 7, "object_id": "10", "object_repr": "TERMITE", "action_flag": 3, "change_message": ""}}, {"model": "admin.logentry", "pk": 37, "fields": {"action_time": "2018-11-26T15:17:08.487Z", "user": 2, "content_type": 7, "object_id": "8", "object_repr": "FREUDE", "action_flag": 3, "change_message": ""}}, {"model": "admin.logentry", "pk": 38, "fields": {"action_time": "2018-11-26T15:17:08.489Z", "user": 2, "content_type": 7, "object_id": "7", "object_repr": "FREUDE", "action_flag": 3, "change_message": ""}}, {"model": "admin.logentry", "pk": 39, "fields": {"action_time": "2018-11-26T15:17:08.492Z", "user": 2, "content_type": 7, "object_id": "6", "object_repr": "FREUDE", "action_flag": 3, "change_message": ""}}, {"model": "admin.logentry", "pk": 40, "fields": {"action_time": "2018-11-26T15:17:08.494Z", "user": 2, "content_type": 7, "object_id": "5", "object_repr": "FREUDE", "action_flag": 3, "change_message": ""}}, {"model": "admin.logentry", "pk": 41, "fields": {"action_time": "2018-11-26T15:17:08.496Z", "user": 2, "content_type": 7, "object_id": "4", "object_repr": "FREUDE", "action_flag": 3, "change_message": ""}}, {"model": "admin.logentry", "pk": 42, "fields": {"action_time": "2018-11-29T18:43:42.534Z", "user": 2, "content_type": 15, "object_id": "1", "object_repr": "6A", "action_flag": 1, "change_message": "[{\"added\": {}}]"}}, {"model": "admin.logentry", "pk": 43, "fields": {"action_time": "2018-11-29T18:43:47.595Z", "user": 2, "content_type": 15, "object_id": "2", "object_repr": "6B", "action_flag": 1, "change_message": "[{\"added\": {}}]"}}, {"model": "admin.logentry", "pk": 44, "fields": {"action_time": "2018-11-29T18:53:30.033Z", "user": 2, "content_type": 15, "object_id": "3", "object_repr": "2A", "action_flag": 1, "change_message": "[{\"added\": {}}]"}}, {"model": "admin.logentry", "pk": 45, "fields": {"action_time": "2018-11-29T18:53:34.832Z", "user": 2, "content_type": 15, "object_id": "4", "object_repr": "1A", "action_flag": 1, "change_message": "[{\"added\": {}}]"}}, {"model": "admin.logentry", "pk": 46, "fields": {"action_time": "2018-11-29T18:53:41.686Z", "user": 2, "content_type": 15, "object_id": "5", "object_repr": "TA", "action_flag": 1, "change_message": "[{\"added\": {}}]"}}, {"model": "admin.logentry", "pk": 47, "fields": {"action_time": "2018-11-29T18:53:52.518Z", "user": 2, "content_type": 15, "object_id": "2", "object_repr": "6B", "action_flag": 3, "change_message": ""}}, {"model": "admin.logentry", "pk": 48, "fields": {"action_time": "2018-11-29T18:53:52.521Z", "user": 2, "content_type": 15, "object_id": "1", "object_repr": "6A", "action_flag": 3, "change_message": ""}}, {"model": "admin.logentry", "pk": 49, "fields": {"action_time": "2018-11-29T20:39:06.455Z", "user": 2, "content_type": 15, "object_id": "3", "object_repr": "2nde1", "action_flag": 2, "change_message": "[{\"changed\": {\"fields\": [\"libelle_classe\"]}}]"}}, {"model": "admin.logentry", "pk": 50, "fields": {"action_time": "2018-11-29T20:39:13.039Z", "user": 2, "content_type": 15, "object_id": "6", "object_repr": "2nde2", "action_flag": 1, "change_message": "[{\"added\": {}}]"}}, {"model": "admin.logentry", "pk": 51, "fields": {"action_time": "2018-11-29T20:39:19.088Z", "user": 2, "content_type": 15, "object_id": "7", "object_repr": "2nde3", "action_flag": 1, "change_message": "[{\"added\": {}}]"}}, {"model": "admin.logentry", "pk": 52, "fields": {"action_time": "2018-11-29T20:39:25.338Z", "user": 2, "content_type": 15, "object_id": "8", "object_repr": "2nde4", "action_flag": 1, "change_message": "[{\"added\": {}}]"}}, {"model": "admin.logentry", "pk": 53, "fields": {"action_time": "2018-11-29T20:39:30.628Z", "user": 2, "content_type": 15, "object_id": "9", "object_repr": "2nde5", "action_flag": 1, "change_message": "[{\"added\": {}}]"}}, {"model": "admin.logentry", "pk": 54, "fields": {"action_time": "2018-11-29T20:39:36.889Z", "user": 2, "content_type": 15, "object_id": "10", "object_repr": "2nde6", "action_flag": 1, "change_message": "[{\"added\": {}}]"}}, {"model": "admin.logentry", "pk": 55, "fields": {"action_time": "2018-11-29T20:39:46.737Z", "user": 2, "content_type": 15, "object_id": "11", "object_repr": "2nde7", "action_flag": 1, "change_message": "[{\"added\": {}}]"}}, {"model": "admin.logentry", "pk": 56, "fields": {"action_time": "2018-11-29T20:40:04.751Z", "user": 2, "content_type": 15, "object_id": "4", "object_repr": "1ere1", "action_flag": 2, "change_message": "[{\"changed\": {\"fields\": [\"libelle_classe\"]}}]"}}, {"model": "admin.logentry", "pk": 57, "fields": {"action_time": "2018-11-29T20:40:09.779Z", "user": 2, "content_type": 15, "object_id": "12", "object_repr": "1ere2", "action_flag": 1, "change_message": "[{\"added\": {}}]"}}, {"model": "admin.logentry", "pk": 58, "fields": {"action_time": "2018-11-29T20:40:16.273Z", "user": 2, "content_type": 15, "object_id": "13", "object_repr": "1ere3", "action_flag": 1, "change_message": "[{\"added\": {}}]"}}, {"model": "admin.logentry", "pk": 59, "fields": {"action_time": "2018-11-29T20:40:21.505Z", "user": 2, "content_type": 15, "object_id": "14", "object_repr": "1ere4", "action_flag": 1, "change_message": "[{\"added\": {}}]"}}, {"model": "admin.logentry", "pk": 60, "fields": {"action_time": "2018-11-29T20:40:27.193Z", "user": 2, "content_type": 15, "object_id": "15", "object_repr": "1ere5", "action_flag": 1, "change_message": "[{\"added\": {}}]"}}, {"model": "admin.logentry", "pk": 61, "fields": {"action_time": "2018-11-29T20:40:38.042Z", "user": 2, "content_type": 15, "object_id": "5", "object_repr": "T1", "action_flag": 2, "change_message": "[{\"changed\": {\"fields\": [\"libelle_classe\"]}}]"}}, {"model": "admin.logentry", "pk": 62, "fields": {"action_time": "2018-11-29T20:40:42.751Z", "user": 2, "content_type": 15, "object_id": "16", "object_repr": "T2", "action_flag": 1, "change_message": "[{\"added\": {}}]"}}, {"model": "admin.logentry", "pk": 63, "fields": {"action_time": "2018-11-29T20:40:47.883Z", "user": 2, "content_type": 15, "object_id": "17", "object_repr": "T3", "action_flag": 1, "change_message": "[{\"added\": {}}]"}}, {"model": "admin.logentry", "pk": 64, "fields": {"action_time": "2018-11-29T20:40:52.214Z", "user": 2, "content_type": 15, "object_id": "18", "object_repr": "T4", "action_flag": 1, "change_message": "[{\"added\": {}}]"}}, {"model": "admin.logentry", "pk": 65, "fields": {"action_time": "2018-11-29T20:40:57.137Z", "user": 2, "content_type": 15, "object_id": "19", "object_repr": "T5", "action_flag": 1, "change_message": "[{\"added\": {}}]"}}, {"model": "admin.logentry", "pk": 66, "fields": {"action_time": "2018-11-29T20:41:01.955Z", "user": 2, "content_type": 15, "object_id": "20", "object_repr": "T6", "action_flag": 1, "change_message": "[{\"added\": {}}]"}}]